\c bank_accounts;

-- Generate 50 clients
INSERT INTO clients (first_name, last_name, date_of_birth)
VALUES
    ('John', 'Doe', '1990-01-15'),
    ('Alice', 'Smith', '1985-03-20'),
    ('Robert', 'Johnson', '1988-07-10'),
    ('Emily', 'Davis', '1995-09-25'),
    ('Michael', 'Brown', '1983-04-12'),
    ('Sara', 'Wilson', '1992-06-30'),
    ('Daniel', 'Lee', '1987-11-05'),
    ('Jessica', 'Lopez', '1993-02-18'),
    ('William', 'Miller', '1980-08-08'),
    ('Olivia', 'Garcia', '1998-12-03'),
    ('Sophia', 'Anderson', '1991-05-14'),
    ('Ethan', 'Martinez', '1986-10-27'),
    ('Ava', 'Harris', '1997-03-08'),
    ('Matthew', 'Clark', '1984-12-01'),
    ('Emma', 'Gonzalez', '1994-07-22'),
    ('Liam', 'Rodriguez', '1989-09-17'),
    ('Oliver', 'Hall', '1996-04-19'),
    ('Charlotte', 'Young', '1982-08-04'),
    ('James', 'Brown', '1999-11-10'),
    ('Mia', 'Taylor', '1981-02-28'),
    ('Benjamin', 'Smith', '1987-03-15'),
    ('Ella', 'Johnson', '1993-06-21'),
    ('William', 'Davis', '1990-04-29'),
    ('Sophia', 'Wilson', '1998-09-02'),
    ('Alexander', 'Lee', '1984-12-12'),
    ('Mia', 'Martinez', '1982-01-03'),
    ('Liam', 'Johnson', '1994-05-18'),
    ('Charlotte', 'Garcia', '1989-07-26'),
    ('Amelia', 'Harris', '1991-10-09'),
    ('Liam', 'Williams', '1995-12-30'),
    ('Evelyn', 'Smith', '1988-02-07'),
    ('Aiden', 'Davis', '1992-03-28'),
    ('Harper', 'Taylor', '1997-08-14'),
    ('Henry', 'Brown', '1983-10-01'),
    ('Madison', 'Johnson', '1986-01-25'),
    ('Aria', 'Wilson', '1996-04-09'),
    ('Ethan', 'Garcia', '1985-07-16'),
    ('Grace', 'Anderson', '1990-09-22'),
    ('Liam', 'Hall', '1998-11-19'),
    ('Oliver', 'Clark', '1981-12-04'),
    ('Ella', 'Young', '1993-02-11'),
    ('Liam', 'Smith', '1984-03-27'),
    ('Amelia', 'Davis', '1994-06-23'),
    ('Henry', 'Wilson', '1991-07-10'),
    ('Evelyn', 'Lee', '1997-09-05'),
    ('Evelyn', 'Smith', '1982-01-13'),
    ('Sophie', 'Turner', '1987-06-15'),
    ('Noah', 'Walker', '1996-09-28'),
    ('Avery', 'Carter', '1985-11-03'),
    ('Mason', 'Hill', '1990-04-17');


-- Generate 50 client addresses connected to the clients
INSERT INTO client_address (client_id, country_name, country_code, street_name, house_number, postal_code)
VALUES
    (1, 'Serbia', 'SRB', 'Main Street', '1A', '11000'),
    (2, 'United States of America', 'USA', 'Maple Avenue', '2B', '20001'),
    (3, 'Serbia', 'SRB', 'Highway Road', '3C', '21000'),
    (4, 'Germany', 'DEU', 'Baker Street', '4D', '30000'),
    (5, 'France', 'FRA', 'Oak Lane', '5E', '41000'),
    (6, 'United States of America', 'USA', 'Sunset Boulevard', '6F', '50001'),
    (7, 'Serbia', 'SRB', 'Mountain View', '7G', '61000'),
    (8, 'Canada', 'CAN', 'River Road', '8H', '70000'),
    (9, 'Japan', 'JPN', 'Ocean Drive', '9I', '81000'),
    (10, 'Serbia', 'SRB', 'Palm Street', '10J', '91000'),
    (11, 'United States of America', 'USA', 'Desert Road', '11K', '101000'),
    (12, 'United Kingdom of Great Britain and Northern Ireland', 'GBR', 'Forest Lane', '12L', '111000'),
    (13, 'Serbia', 'SRB', 'Sunny Street', '13M', '121000'),
    (14, 'Spain', 'ESP', 'Mountain Avenue', '14N', '131000'),
    (15, 'Italy', 'ITA', 'River Lane', '15O', '141000'),
    (16, 'United States of America', 'USA', 'Palm Lane', '16P', '151000'),
    (17, 'Canada', 'CAN', 'Beach Boulevard', '17Q', '161000'),
    (18, 'Serbia', 'SRB', 'Hill Street', '18R', '171000'),
    (19, 'United Kingdom of Great Britain and Northern Ireland', 'GBR', 'Valley Road', '19S', '181000'),
    (20, 'France', 'FRA', 'Park Avenue', '20T', '191000'),
    (21, 'Serbia', 'SRB', 'Sycamore Street', '21U', '201000'),
    (22, 'United States of America', 'USA', 'Cedar Lane', '22V', '211000'),
    (23, 'Serbia', 'SRB', 'Willow Road', '23W', '221000'),
    (24, 'Spain', 'ESP', 'Cypress Avenue', '24X', '231000'),
    (25, 'Italy', 'ITA', 'Maple Street', '25Y', '241000'),
    (26, 'Serbia', 'SRB', 'Birch Lane', '26Z', '251000'),
    (27, 'Germany', 'DEU', 'Elm Road', '27AA', '261000'),
    (28, 'United States of America', 'USA', 'Chestnut Boulevard', '28BB', '271000'),
    (29, 'Serbia', 'SRB', 'Redwood Street', '29CC', '281000'),
    (30, 'United Kingdom of Great Britain and Northern Ireland', 'GBR', 'Pine Lane', '30DD', '291000'),
    (31, 'United States of America', 'USA', 'Spruce Avenue', '31EE', '301000'),
    (32, 'Serbia', 'SRB', 'Cedar Lane', '32FF', '311000'),
    (33, 'France', 'FRA', 'Willow Road', '33GG', '321000'),
    (34, 'Spain', 'ESP', 'Cypress Avenue', '34HH', '331000'),
    (35, 'Italy', 'ITA', 'Maple Street', '35II', '341000'),
    (36, 'Serbia', 'SRB', 'Birch Lane', '36JJ', '351000'),
    (37, 'Germany', 'DEU', 'Elm Road', '37KK', '361000'),
    (38, 'United States of America', 'USA', 'Chestnut Boulevard', '38LL', '371000'),
    (39, 'Serbia', 'SRB', 'Redwood Street', '39MM', '381000'),
    (40, 'United Kingdom of Great Britain and Northern Ireland', 'GBR', 'Pine Lane', '40NN', '391000'),
    (41, 'Serbia', 'SRB', 'Sycamore Street', '41OO', '401000'),
    (42, 'United States of America', 'USA', 'Cedar Lane', '42PP', '411000'),
    (43, 'Serbia', 'SRB', 'Willow Road', '43QQ', '421000'),
    (44, 'Spain', 'ESP', 'Cypress Avenue', '44RR', '431000'),
    (45, 'Italy', 'ITA', 'Maple Street', '45SS', '441000'),
    (46, 'Serbia', 'SRB', 'Birch Lane', '46TT', '451000'),
    (47, 'Germany', 'DEU', 'Elm Road', '47UU', '461000'),
    (48, 'United States of America', 'USA', 'Chestnut Boulevard', '48VV', '471000'),
    (49, 'Serbia', 'SRB', 'Redwood Street', '49WW', '481000'),
    (50, 'United Kingdom of Great Britain and Northern Ireland', 'GBR', 'Pine Lane', '50XX', '491000');


-- Generate 50 accounts connected to clients
INSERT INTO accounts (client_id, account_number, currency_name, currency_code, deposited_amount)
VALUES
    (1, '587-992-09', 'Serbian Dinar', 'RSD', 50000),
    (2, '073-705-66', 'US Dollar', 'USD', 7500),
    (3, '450-426-90', 'Serbian Dinar', 'RSD', 30000),
    (4, '932-537-11', 'Euro', 'EUR', 6000),
    (5, '971-001-51', 'Euro', 'EUR', 8000),
    (6, '945-550-93', 'US Dollar', 'USD', 9000),
    (7, '374-740-60', 'Serbian Dinar', 'RSD', 35000),
    (8, '159-823-73', 'Canadian Dollar', 'CAD', 10000),
    (9, '757-578-52', 'Japanese Yen', 'JPY', 1200000),
    (10, '676-352-13', 'Serbian Dinar', 'RSD', 25000),
    (11, '261-276-77', 'US Dollar', 'USD', 7000),
    (12, '179-636-63', 'Pound Sterling', 'GBP', 5000),
    (13, '266-890-53', 'Serbian Dinar', 'RSD', 40000),
    (14, '209-635-41', 'Euro', 'EUR', 8500),
    (15, '668-344-29', 'Euro', 'EUR', 9500),
    (16, '898-492-33', 'US Dollar', 'USD', 11000),
    (17, '802-515-98', 'Canadian Dollar', 'CAD', 6000),
    (18, '560-294-39', 'Serbian Dinar', 'RSD', 30000),
    (19, '386-699-04', 'Pound Sterling', 'GBP', 4500),
    (20, '222-336-02', 'Euro', 'EUR', 7000),
    (21, '175-325-60', 'Serbian Dinar', 'RSD', 38000),
    (22, '188-021-05', 'US Dollar', 'USD', 8200),
    (23, '174-691-71', 'Serbian Dinar', 'RSD', 42000),
    (24, '744-311-12', 'Euro', 'EUR', 9800),
    (25, '630-588-36', 'Euro', 'EUR', 10500),
    (26, '407-958-35', 'Serbian Dinar', 'RSD', 34000),
    (27, '013-004-05', 'Euro', 'EUR', 7000),
    (28, '115-290-11', 'US Dollar', 'USD', 9000),
    (29, '489-360-11', 'Serbian Dinar', 'RSD', 27000),
    (30, '152-645-20', 'Pound Sterling', 'GBP', 5500),
    (31, '467-265-70', 'US Dollar', 'USD', 8000),
    (32, '131-597-59', 'Serbian Dinar', 'RSD', 38000),
    (33, '949-371-55', 'Euro', 'EUR', 7500),
    (34, '531-516-41', 'Euro', 'EUR', 9200),
    (35, '439-562-78', 'Euro', 'EUR', 11000),
    (36, '752-914-03', 'Serbian Dinar', 'RSD', 33000),
    (37, '118-283-49', 'Euro', 'EUR', 6700),
    (38, '833-471-39', 'US Dollar', 'USD', 8100),
    (39, '078-363-33', 'Serbian Dinar', 'RSD', 29000),
    (40, '458-909-28', 'Pound Sterling', 'GBP', 4800),
    (41, '858-085-43', 'US Dollar', 'USD', 7200),
    (42, '224-984-53', 'Serbian Dinar', 'RSD', 31000),
    (43, '921-489-74', 'Euro', 'EUR', 7600),
    (44, '821-702-78', 'Euro', 'EUR', 9300),
    (45, '091-688-79', 'Euro', 'EUR', 11500),
    (46, '624-199-07', 'Serbian Dinar', 'RSD', 36000),
    (47, '662-813-24', 'Euro', 'EUR', 6900),
    (48, '212-968-28', 'US Dollar', 'USD', 8500),
    (49, '409-934-59', 'Serbian Dinar', 'RSD', 27000),
    (50, '414-983-33', 'Pound Sterling', 'GBP', 5200);



-- Generate 50 account limit entries connected to accounts
INSERT INTO accounts_limit (account_id, type_of_customer, type_of_account, credit_payment)
VALUES
    (1, 'regular', 'credit', 'monthly'),
    (2, 'regular', 'credit', 'monthly'),
    (3, 'premium', 'credit', 'quarterly'),
    (4, 'regular', 'debit', 'monthly'),
    (5, 'regular', 'credit', 'monthly'),
    (6, 'premium', 'credit', 'yearly'),
    (7, 'premium', 'credit', 'monthly'),
    (8, 'regular', 'credit', 'monthly'),
    (9, 'regular', 'credit', 'quarterly'),
    (10, 'regular', 'debit', 'monthly'),
    (11, 'premium', 'credit', 'monthly'),
    (12, 'regular', 'credit', 'yearly'),
    (13, 'premium', 'credit', 'monthly'),
    (14, 'premium', 'credit', 'quarterly'),
    (15, 'regular', 'debit', 'monthly'),
    (16, 'regular', 'credit', 'monthly'),
    (17, 'premium', 'credit', 'yearly'),
    (18, 'regular', 'credit', 'monthly'),
    (19, 'regular', 'debit', 'monthly'),
    (20, 'regular', 'credit', 'monthly'),
    (21, 'premium', 'credit', 'monthly'),
    (22, 'premium', 'credit', 'quarterly'),
    (23, 'regular', 'credit', 'monthly'),
    (24, 'premium', 'credit', 'yearly'),
    (25, 'regular', 'credit', 'monthly'),
    (26, 'regular', 'debit', 'monthly'),
    (27, 'premium', 'credit', 'monthly'),
    (28, 'regular', 'credit', 'quarterly'),
    (29, 'premium', 'credit', 'monthly'),
    (30, 'premium', 'credit', 'yearly'),
    (31, 'regular', 'debit', 'monthly'),
    (32, 'regular', 'credit', 'monthly'),
    (33, 'premium', 'credit', 'monthly'),
    (34, 'premium', 'credit', 'quarterly'),
    (35, 'regular', 'credit', 'monthly'),
    (36, 'premium', 'credit', 'yearly'),
    (37, 'regular', 'credit', 'monthly'),
    (38, 'premium', 'credit', 'monthly'),
    (39, 'regular', 'debit', 'monthly'),
    (40, 'regular', 'credit', 'quarterly'),
    (41, 'premium', 'credit', 'monthly'),
    (42, 'premium', 'credit', 'yearly'),
    (43, 'regular', 'debit', 'monthly'),
    (44, 'regular', 'credit', 'monthly'),
    (45, 'premium', 'credit', 'quarterly'),
    (46, 'premium', 'credit', 'monthly'),
    (47, 'regular', 'credit', 'yearly'),
    (48, 'regular', 'debit', 'monthly'),
    (49, 'premium', 'credit', 'monthly'),
    (50, 'premium', 'credit', 'quarterly');



UPDATE accounts_limit
SET card_limit = 
CASE WHEN type_of_account = 'debit' THEN 0 WHEN type_of_account = 'credit' AND type_of_customer = 'regular' THEN 5000 WHEN type_of_account = 'credit' AND type_of_customer = 'premium' THEN 20000 END;

UPDATE accounts_limit
SET withdrawal_fee = CASE WHEN type_of_customer = 'regular' THEN 1 WHEN type_of_customer = 'premium' THEN 0 END;
